Workbook
Name color_by: Plan!$U$6
Name color_code: _xlfn.SWITCH(color_by,"Project",Plan!color_code_project,"Teams",Plan!color_code_teams,"Issues",Plan!color_code_issues, Plan!color_code_default)
Name color_code_default: IF(Plan!type<>"",_xlfn.SWITCH(Plan!type,"P",1,"T",2,"M",3),-1)
Name color_code_issues: IF(Plan!issue="⚠️",_xlfn.SWITCH(Plan!type,"P",901,"T",901,"M",902),Plan!color_code_default)
Name color_code_project: IF(Plan!stage_id=-1,-1,_xlfn.NUMBERVALUE( IF(MOD(Plan!stage_id,8)=0,8,MOD(Plan!stage_id,8)) & _xlfn.SWITCH(Plan!type,"P","01","T","02","M","03")))
Name color_code_teams: IF(Plan!team_id=-1,Plan!color_code_default,_xlfn.NUMBERVALUE(Plan!team_id & _xlfn.SWITCH(Plan!type,"T","01","M","04")))
Name d.conn: Plan!$O1
Name d.id: Plan!$L1
Name d.lag: Plan!$P1
Name d.name: INDEX(Plan!$F:$F,Plan!d.row)
Name d.row: MATCH(Plan!d.id,Plan!$D:$D,0)
Name d.type: INDEX(Plan!$E:$E,Plan!d.row)
Name date: Plan!A$12
Name ff_calculation: INDEX(Plan!$S:$S,Plan!d.row)+Plan!d.lag
Name fs_calculation: INDEX(Plan!$S:$S,Plan!d.row)+1+Plan!d.lag
Name highlight: Plan!$AG$6
Name id: Plan!$D1
Name ind.end: Plan!$K1
Name ind.start: Plan!$J1
Name issue: Plan!$I1
Name item_in_complete: AND(Plan!date>=Plan!plan_start,Plan!date<=Plan!plan_start + (Plan!workdays * Plan!percentage_complete) -1)
Name item_in_plan: AND(Plan!date>=Plan!plan_start,Plan!date<=Plan!plan_end)
Name next_date: Plan!B$12
Name percentage_complete: Plan!$T1
Name plan_end: Plan!$S1
Name plan_end_calculation: Plan!plan_start + (Plan!workdays -1)
Name plan_start: Plan!$R1
Name plan_start_calculation: Plan!plan_end - (Plan!workdays - 1)
Name prev_col_range: Plan!A$13:A1048576
Name project_duration: _xlfn.DAYS(Plan!project_end,Plan!project_start)
Name project_end: MAX(Plan!$S$13:$S$198)
Name project_start: MIN(Plan!$R$13:$R$198)
Name scroll_increment: Plan!$T$11
Name sf_calculation: INDEX(Plan!$R:$R,Plan!d.row)-1+Plan!d.lag
Name show_progress: Plan!$AA$6
Name ss_calculation: INDEX(Plan!$R:$R,Plan!d.row)+Plan!d.lag
Name stage_id: Plan!$C1
Name team: Plan!$H1
Name team_id: Plan!$B1
Name timeline_plan_start: IF(Plan!project_start=0,TODAY()-WEEKDAY(TODAY(),3),Plan!project_start-WEEKDAY(Plan!project_start,3))
Name type: Plan!$E1
Name workdays: MAX(Plan!$Q1,1)

Sheet Plan
E2: Project Template | U2: Project Timespan: | Y2: {=project_start} -> 45929 | AB2: --- | AC2: {=project_end} -> 45929 | AF2: {="(" & 1+_xlfn.DAYS(project_end,project_start) & ")"} -> (1)
U5: Color By | AA5: Show Progress | AG5: Highlight
U6: Default | AA6: Yes | AG6: Today
U10: =U11 | V10: =V11 | W10: =W11 | X10: =X11 -> 45932 | Y10: =Y11 | Z10: =Z11 | AA10: =AA11 | AB10: =AB11 | ... BP10: =BP11
T11: 0 | U11: =IF(WEEKDAY(U12,2)=4,U12,"") | V11: =IF(WEEKDAY(V12,2)=4,V12,"") | W11: =IF(WEEKDAY(W12,2)=4,W12,"") | X11: =IF(WEEKDAY(X12,2)=4,X12,"") -> 45932 | Y11: =IF(WEEKDAY(Y12,2)=4,Y12,"") | Z11: =IF(WEEKDAY(Z12,2)=4,Z12,"") | AA11: =IF(WEEKDAY(AA12,2)=4,AA12,"") | AB11: =IF(WEEKDAY(AB12,2)=4,AB12,"") | ... BP11: =IF(WEEKDAY(BP12,2)=4,BP12,"")
T12: Today | U12: {=timeline_plan_start+scroll_increment} -> 45929 | V12: =U12+1 -> 45930 | W12: =V12+1 -> 45931 | X12: =W12+1 -> 45932 | Y12: =X12+1 -> 45933 | Z12: =Y12+1 -> 45934 | AA12: =Z12+1 -> 45935 | AB12: =AA12+1 -> 45936 | AC12: =AB12+1 -> 45937 | ... BP12: =BO12+1 -> 45976
B13: team_id | C13: stage_id | D13: id | E13: Type | F13: Description | H13: Team | I13: Issue | J13: Input Start | K13: Input End | L13: d.id | M13: d.item | O13: d.conn | P13: d.lag | Q13: workdays | R13: Start | S13: End | T13: % | U13: =LEFT(TEXT(U12,"ddd"),1) -> M | V13: =LEFT(TEXT(V12,"ddd"),1) -> T | W13: =LEFT(TEXT(W12,"ddd"),1) -> W | X13: =LEFT(TEXT(X12,"ddd"),1) -> T | Y13: =LEFT(TEXT(Y12,"ddd"),1) -> F | Z13: =LEFT(TEXT(Z12,"ddd"),1) -> S | AA13: =LEFT(TEXT(AA12,"ddd"),1) -> S | AB13: =LEFT(TEXT(AB12,"ddd"),1) -> M | ... BP13: =LEFT(TEXT(BP12,"ddd"),1) -> S
B15: =_xlfn.IFNA(IF(OR(type="T",type="M"), MATCH(team,Settings!$C$8:$C$15,0),-1), -1) -> -1 | C15: 5 | D15: =IF(ROW(id)=ROW($D$13)+2,1,MAX(prev_col_range)+1) -> 1 | E15: P | F15: Project 1 | J15: =MIN(R16:R19) -> 45929 | M15: =IF(d.id<>"",IF(d.id<id,"⬉",IF(d.id>id,"⬋","")),"") | N15: {=IFERROR("(" & d.type & ") " & IF(LEN(d.name)>10, LEFT(d.name,10) & "…",d.name ),"")} | O15: FS | Q15: =ABS(_xlfn.DAYS(plan_start,MAX(S16:S19)+1)) -> 1 | R15: {=IFERROR(IF(ind.start>0,ind.start, IF(ind.end<>"",plan_start_calculation, IF(d.id<>"", IF(OR(d.conn="FS",d.conn=""),fs_calculation, IF(d.conn="SS",ss_calculation, plan_start_calculation)),"") )),"")} -> 45929 | S15: {=IFERROR(IF(ind.start<>"",plan_end_calculation, IF(ind.end<>"",ind.end, IF(d.id<>"", IF(d.conn="SF",sf_calculation, IF(d.conn="FF",ff_calculation, plan_end_calculation)),"") )),"")} -> 45929 | T15: {=SUM(T16:T19*Q16:Q19/SUM(Q16:Q19))} -> 0 | U15: 0 | V15: 0 | W15: 0 | X15: 0 | Y15: 0 | Z15: 0 | AA15: 0 | AB15: 0 | AC15: 0 | AD15: 0 | AE15: 0 | AF15: 0 | AG15: 0 | AH15: 0 | AI15: 0 | AJ15: 0 | AK15: 0 | AL15: 0 | AM15: 0 | AN15: 0 | AO15: 0 | AP15: 0 | AQ15: 0 | AR15: 0 | AS15: 0 | AT15: 0 | AU15: 0 | AV15: 0 | AW15: 0 | AX15: 0 | AY15: 0 | AZ15: 0 | BA15: 0 | BB15: 0 | BC15: 0 | BD15: 0 | BE15: 0 | BF15: 0 | BG15: 0 | BH15: 0 | BI15: 0 | BJ15: 0 | BK15: 0 | BL15: 0 | BM15: 0 | BN15: 0 | BO15: 0 | BP15: 0
B16: =_xlfn.IFNA(IF(OR(type="T",type="M"), MATCH(team,Settings!$C$8:$C$15,0),-1), -1) -> -1 | C16: =IF(type<>"",IF(ROW(stage_id)=ROW($C$13)+2,1,IF(type="P",MAX(prev_col_range)+1,MAX(prev_col_range))),-1) -> 5 | D16: =IF(ROW(id)=ROW($D$13)+2,1,MAX(prev_col_range)+1) -> 2 | E16: T | F16: Task 1 | J16: =TODAY() -> 45929 | M16: =IF(d.id<>"",IF(d.id<id,"⬉",IF(d.id>id,"⬋","")),"") | N16: {=IFERROR("(" & d.type & ") " & IF(LEN(d.name)>10, LEFT(d.name,10) & "…",d.name ),"")} | O16: FS | Q16: 1 | R16: {=IFERROR(IF(ind.start>0,ind.start, IF(ind.end<>"",plan_start_calculation, IF(d.id<>"", IF(OR(d.conn="FS",d.conn=""),fs_calculation, IF(d.conn="SS",ss_calculation, plan_start_calculation)),"") )),"")} -> 45929 | S16: {=IFERROR(IF(ind.start<>"",plan_end_calculation, IF(ind.end<>"",ind.end, IF(d.id<>"", IF(d.conn="SF",sf_calculation, IF(d.conn="FF",ff_calculation, plan_end_calculation)),"") )),"")} -> 45929 | U16: 0 | V16: 0 | W16: 0 | X16: 0 | Y16: 0 | Z16: 0 | AA16: 0 | AB16: 0 | AC16: 0 | AD16: 0 | AE16: 0 | AF16: 0 | AG16: 0 | AH16: 0 | AI16: 0 | AJ16: 0 | AK16: 0 | AL16: 0 | AM16: 0 | AN16: 0 | AO16: 0 | AP16: 0 | AQ16: 0 | AR16: 0 | AS16: 0 | AT16: 0 | AU16: 0 | AV16: 0 | AW16: 0 | AX16: 0 | AY16: 0 | AZ16: 0 | BA16: 0 | BB16: 0 | BC16: 0 | BD16: 0 | BE16: 0 | BF16: 0 | BG16: 0 | BH16: 0 | BI16: 0 | BJ16: 0 | BK16: 0 | BL16: 0 | BM16: 0 | BN16: 0 | BO16: 0 | BP16: 0
B17: =_xlfn.IFNA(IF(OR(type="T",type="M"), MATCH(team,Settings!$C$8:$C$15,0),-1), -1) -> -1 | C17: =IF(type<>"",IF(ROW(stage_id)=ROW($C$13)+2,1,IF(type="P",MAX(prev_col_range)+1,MAX(prev_col_range))),-1) -> 5 | D17: =IF(ROW(id)=ROW($D$13)+2,1,MAX(prev_col_range)+1) -> 3 | E17: T | F17: Task 2 | M17: =IF(d.id<>"",IF(d.id<id,"⬉",IF(d.id>id,"⬋","")),"") | N17: {=IFERROR("(" & d.type & ") " & IF(LEN(d.name)>10, LEFT(d.name,10) & "…",d.name ),"")} | O17: FS | R17: {=IFERROR(IF(ind.start>0,ind.start, IF(ind.end<>"",plan_start_calculation, IF(d.id<>"", IF(OR(d.conn="FS",d.conn=""),fs_calculation, IF(d.conn="SS",ss_calculation, plan_start_calculation)),"") )),"")} | S17: {=IFERROR(IF(ind.start<>"",plan_end_calculation, IF(ind.end<>"",ind.end, IF(d.id<>"", IF(d.conn="SF",sf_calculation, IF(d.conn="FF",ff_calculation, plan_end_calculation)),"") )),"")} | U17: 0 | V17: 0 | W17: 0 | X17: 0 | Y17: 0 | Z17: 0 | AA17: 0 | AB17: 0 | AC17: 0 | AD17: 0 | AE17: 0 | AF17: 0 | AG17: 0 | AH17: 0 | AI17: 0 | AJ17: 0 | AK17: 0 | AL17: 0 | AM17: 0 | AN17: 0 | AO17: 0 | AP17: 0 | AQ17: 0 | AR17: 0 | AS17: 0 | AT17: 0 | AU17: 0 | AV17: 0 | AW17: 0 | AX17: 0 | AY17: 0 | AZ17: 0 | BA17: 0 | BB17: 0 | BC17: 0 | BD17: 0 | BE17: 0 | BF17: 0 | BG17: 0 | BH17: 0 | BI17: 0 | BJ17: 0 | BK17: 0 | BL17: 0 | BM17: 0 | BN17: 0 | BO17: 0 | BP17: 0
B18: =_xlfn.IFNA(IF(OR(type="T",type="M"), MATCH(team,Settings!$C$8:$C$15,0),-1), -1) -> -1 | C18: =IF(type<>"",IF(ROW(stage_id)=ROW($C$13)+2,1,IF(type="P",MAX(prev_col_range)+1,MAX(prev_col_range))),-1) -> 5 | D18: =IF(ROW(id)=ROW($D$13)+2,1,MAX(prev_col_range)+1) -> 4 | E18: T | F18: Task 3 | M18: =IF(d.id<>"",IF(d.id<id,"⬉",IF(d.id>id,"⬋","")),"") | N18: {=IFERROR("(" & d.type & ") " & IF(LEN(d.name)>10, LEFT(d.name,10) & "…",d.name ),"")} | O18: FS | R18: {=IFERROR(IF(ind.start>0,ind.start, IF(ind.end<>"",plan_start_calculation, IF(d.id<>"", IF(OR(d.conn="FS",d.conn=""),fs_calculation, IF(d.conn="SS",ss_calculation, plan_start_calculation)),"") )),"")} | S18: {=IFERROR(IF(ind.start<>"",plan_end_calculation, IF(ind.end<>"",ind.end, IF(d.id<>"", IF(d.conn="SF",sf_calculation, IF(d.conn="FF",ff_calculation, plan_end_calculation)),"") )),"")} | U18: 0 | V18: 0 | W18: 0 | X18: 0 | Y18: 0 | Z18: 0 | AA18: 0 | AB18: 0 | AC18: 0 | AD18: 0 | AE18: 0 | AF18: 0 | AG18: 0 | AH18: 0 | AI18: 0 | AJ18: 0 | AK18: 0 | AL18: 0 | AM18: 0 | AN18: 0 | AO18: 0 | AP18: 0 | AQ18: 0 | AR18: 0 | AS18: 0 | AT18: 0 | AU18: 0 | AV18: 0 | AW18: 0 | AX18: 0 | AY18: 0 | AZ18: 0 | BA18: 0 | BB18: 0 | BC18: 0 | BD18: 0 | BE18: 0 | BF18: 0 | BG18: 0 | BH18: 0 | BI18: 0 | BJ18: 0 | BK18: 0 | BL18: 0 | BM18: 0 | BN18: 0 | BO18: 0 | BP18: 0
B19: =_xlfn.IFNA(IF(OR(type="T",type="M"), MATCH(team,Settings!$C$8:$C$15,0),-1), -1) -> -1 | C19: =IF(type<>"",IF(ROW(stage_id)=ROW($C$13)+2,1,IF(type="P",MAX(prev_col_range)+1,MAX(prev_col_range))),-1) -> 5 | D19: =IF(ROW(id)=ROW($D$13)+2,1,MAX(prev_col_range)+1) -> 5 | E19: M | F19: Milestone 1 | M19: =IF(d.id<>"",IF(d.id<id,"⬉",IF(d.id>id,"⬋","")),"") | N19: {=IFERROR("(" & d.type & ") " & IF(LEN(d.name)>10, LEFT(d.name,10) & "…",d.name ),"")} | O19: FF | R19: {=IFERROR(IF(ind.start>0,ind.start, IF(ind.end<>"",plan_start_calculation, IF(d.id<>"", IF(OR(d.conn="FS",d.conn=""),fs_calculation, IF(d.conn="SS",ss_calculation, plan_start_calculation)),"") )),"")} | S19: {=IFERROR(IF(ind.start<>"",plan_end_calculation, IF(ind.end<>"",ind.end, IF(d.id<>"", IF(d.conn="SF",sf_calculation, IF(d.conn="FF",ff_calculation, plan_end_calculation)),"") )),"")} | T19: =1*(SUM(T16:T18)=COUNT(T16:T18)) -> 1 | U19: 0 | V19: 0 | W19: 0 | X19: 0 | Y19: 0 | Z19: 0 | AA19: 0 | AB19: 0 | AC19: 0 | AD19: 0 | AE19: 0 | AF19: 0 | AG19: 0 | AH19: 0 | AI19: 0 | AJ19: 0 | AK19: 0 | AL19: 0 | AM19: 0 | AN19: 0 | AO19: 0 | AP19: 0 | AQ19: 0 | AR19: 0 | AS19: 0 | AT19: 0 | AU19: 0 | AV19: 0 | AW19: 0 | AX19: 0 | AY19: 0 | AZ19: 0 | BA19: 0 | BB19: 0 | BC19: 0 | BD19: 0 | BE19: 0 | BF19: 0 | BG19: 0 | BH19: 0 | BI19: 0 | BJ19: 0 | BK19: 0 | BL19: 0 | BM19: 0 | BN19: 0 | BO19: 0 | BP19: 0
B20: =_xlfn.IFNA(IF(OR(type="T",type="M"), MATCH(team,Settings!$C$8:$C$15,0),-1), -1) -> -1 | C20: =IF(type<>"",IF(ROW(stage_id)=ROW($C$13)+2,1,IF(type="P",MAX(prev_col_range)+1,MAX(prev_col_range))),-1) -> -1 | D20: =IF(ROW(id)=ROW($D$13)+2,1,MAX(prev_col_range)+1) -> 6 | U20: 0 | V20: 0 | W20: 0 | X20: 0 | Y20: 0 | Z20: 0 | AA20: 0 | AB20: 0 | AC20: 0 | AD20: 0 | AE20: 0 | AF20: 0 | AG20: 0 | AH20: 0 | AI20: 0 | AJ20: 0 | AK20: 0 | AL20: 0 | AM20: 0 | AN20: 0 | AO20: 0 | AP20: 0 | AQ20: 0 | AR20: 0 | AS20: 0 | AT20: 0 | AU20: 0 | AV20: 0 | AW20: 0 | AX20: 0 | AY20: 0 | AZ20: 0 | BA20: 0 | BB20: 0 | BC20: 0 | BD20: 0 | BE20: 0 | BF20: 0 | BG20: 0 | BH20: 0 | BI20: 0 | BJ20: 0 | BK20: 0 | BL20: 0 | BM20: 0 | BN20: 0 | BO20: 0 | BP20: 0
B21: =_xlfn.IFNA(IF(OR(type="T",type="M"), MATCH(team,Settings!$C$8:$C$15,0),-1), -1) -> -1 | C21: =IF(type<>"",IF(ROW(stage_id)=ROW($C$13)+2,1,IF(type="P",MAX(prev_col_range)+1,MAX(prev_col_range))),-1) -> -1 | D21: =IF(ROW(id)=ROW($D$13)+2,1,MAX(prev_col_range)+1) -> 7 | U21: 0 | V21: 0 | W21: 0 | X21: 0 | Y21: 0 | Z21: 0 | AA21: 0 | AB21: 0 | AC21: 0 | AD21: 0 | AE21: 0 | AF21: 0 | AG21: 0 | AH21: 0 | AI21: 0 | AJ21: 0 | AK21: 0 | AL21: 0 | AM21: 0 | AN21: 0 | AO21: 0 | AP21: 0 | AQ21: 0 | AR21: 0 | AS21: 0 | AT21: 0 | AU21: 0 | AV21: 0 | AW21: 0 | AX21: 0 | AY21: 0 | AZ21: 0 | BA21: 0 | BB21: 0 | BC21: 0 | BD21: 0 | BE21: 0 | BF21: 0 | BG21: 0 | BH21: 0 | BI21: 0 | BJ21: 0 | BK21: 0 | BL21: 0 | BM21: 0 | BN21: 0 | BO21: 0 | BP21: 0
B22: =_xlfn.IFNA(IF(OR(type="T",type="M"), MATCH(team,Settings!$C$8:$C$15,0),-1), -1) -> -1 | C22: =IF(type<>"",IF(ROW(stage_id)=ROW($C$13)+2,1,IF(type="P",MAX(prev_col_range)+1,MAX(prev_col_range))),-1) -> -1 | D22: =IF(ROW(id)=ROW($D$13)+2,1,MAX(prev_col_range)+1) -> 8 | U22: 0 | V22: 0 | W22: 0 | X22: 0 | Y22: 0 | Z22: 0 | AA22: 0 | AB22: 0 | AC22: 0 | AD22: 0 | AE22: 0 | AF22: 0 | AG22: 0 | AH22: 0 | AI22: 0 | AJ22: 0 | AK22: 0 | AL22: 0 | AM22: 0 | AN22: 0 | AO22: 0 | AP22: 0 | AQ22: 0 | AR22: 0 | AS22: 0 | AT22: 0 | AU22: 0 | AV22: 0 | AW22: 0 | AX22: 0 | AY22: 0 | AZ22: 0 | BA22: 0 | BB22: 0 | BC22: 0 | BD22: 0 | BE22: 0 | BF22: 0 | BG22: 0 | BH22: 0 | BI22: 0 | BJ22: 0 | BK22: 0 | BL22: 0 | BM22: 0 | BN22: 0 | BO22: 0 | BP22: 0
B23: =_xlfn.IFNA(IF(OR(type="T",type="M"), MATCH(team,Settings!$C$8:$C$15,0),-1), -1) -> -1 | C23: =IF(type<>"",IF(ROW(stage_id)=ROW($C$13)+2,1,IF(type="P",MAX(prev_col_range)+1,MAX(prev_col_range))),-1) -> -1 | D23: =IF(ROW(id)=ROW($D$13)+2,1,MAX(prev_col_range)+1) -> 9 | U23: 0 | V23: 0 | W23: 0 | X23: 0 | Y23: 0 | Z23: 0 | AA23: 0 | AB23: 0 | AC23: 0 | AD23: 0 | AE23: 0 | AF23: 0 | AG23: 0 | AH23: 0 | AI23: 0 | AJ23: 0 | AK23: 0 | AL23: 0 | AM23: 0 | AN23: 0 | AO23: 0 | AP23: 0 | AQ23: 0 | AR23: 0 | AS23: 0 | AT23: 0 | AU23: 0 | AV23: 0 | AW23: 0 | AX23: 0 | AY23: 0 | AZ23: 0 | BA23: 0 | BB23: 0 | BC23: 0 | BD23: 0 | BE23: 0 | BF23: 0 | BG23: 0 | BH23: 0 | BI23: 0 | BJ23: 0 | BK23: 0 | BL23: 0 | BM23: 0 | BN23: 0 | BO23: 0 | BP23: 0
B24: =_xlfn.IFNA(IF(OR(type="T",type="M"), MATCH(team,Settings!$C$8:$C$15,0),-1), -1) -> -1 | C24: =IF(type<>"",IF(ROW(stage_id)=ROW($C$13)+2,1,IF(type="P",MAX(prev_col_range)+1,MAX(prev_col_range))),-1) -> -1 | D24: =IF(ROW(id)=ROW($D$13)+2,1,MAX(prev_col_range)+1) -> 10 | U24: 0 | V24: 0 | W24: 0 | X24: 0 | Y24: 0 | Z24: 0 | AA24: 0 | AB24: 0 | AC24: 0 | AD24: 0 | AE24: 0 | AF24: 0 | AG24: 0 | AH24: 0 | AI24: 0 | AJ24: 0 | AK24: 0 | AL24: 0 | AM24: 0 | AN24: 0 | AO24: 0 | AP24: 0 | AQ24: 0 | AR24: 0 | AS24: 0 | AT24: 0 | AU24: 0 | AV24: 0 | AW24: 0 | AX24: 0 | AY24: 0 | AZ24: 0 | BA24: 0 | BB24: 0 | BC24: 0 | BD24: 0 | BE24: 0 | BF24: 0 | BG24: 0 | BH24: 0 | BI24: 0 | BJ24: 0 | BK24: 0 | BL24: 0 | BM24: 0 | BN24: 0 | BO24: 0 | BP24: 0
B25: =_xlfn.IFNA(IF(OR(type="T",type="M"), MATCH(team,Settings!$C$8:$C$15,0),-1), -1) -> -1 | C25: =IF(type<>"",IF(ROW(stage_id)=ROW($C$13)+2,1,IF(type="P",MAX(prev_col_range)+1,MAX(prev_col_range))),-1) -> -1 | D25: =IF(ROW(id)=ROW($D$13)+2,1,MAX(prev_col_range)+1) -> 11 | U25: 0 | V25: 0 | W25: 0 | X25: 0 | Y25: 0 | Z25: 0 | AA25: 0 | AB25: 0 | AC25: 0 | AD25: 0 | AE25: 0 | AF25: 0 | AG25: 0 | AH25: 0 | AI25: 0 | AJ25: 0 | AK25: 0 | AL25: 0 | AM25: 0 | AN25: 0 | AO25: 0 | AP25: 0 | AQ25: 0 | AR25: 0 | AS25: 0 | AT25: 0 | AU25: 0 | AV25: 0 | AW25: 0 | AX25: 0 | AY25: 0 | AZ25: 0 | BA25: 0 | BB25: 0 | BC25: 0 | BD25: 0 | BE25: 0 | BF25: 0 | BG25: 0 | BH25: 0 | BI25: 0 | BJ25: 0 | BK25: 0 | BL25: 0 | BM25: 0 | BN25: 0 | BO25: 0 | BP25: 0
B26: =_xlfn.IFNA(IF(OR(type="T",type="M"), MATCH(team,Settings!$C$8:$C$15,0),-1), -1) -> -1 | C26: =IF(type<>"",IF(ROW(stage_id)=ROW($C$13)+2,1,IF(type="P",MAX(prev_col_range)+1,MAX(prev_col_range))),-1) -> -1 | D26: =IF(ROW(id)=ROW($D$13)+2,1,MAX(prev_col_range)+1) -> 12 | U26: 0 | V26: 0 | W26: 0 | X26: 0 | Y26: 0 | Z26: 0 | AA26: 0 | AB26: 0 | AC26: 0 | AD26: 0 | AE26: 0 | AF26: 0 | AG26: 0 | AH26: 0 | AI26: 0 | AJ26: 0 | AK26: 0 | AL26: 0 | AM26: 0 | AN26: 0 | AO26: 0 | AP26: 0 | AQ26: 0 | AR26: 0 | AS26: 0 | AT26: 0 | AU26: 0 | AV26: 0 | AW26: 0 | AX26: 0 | AY26: 0 | AZ26: 0 | BA26: 0 | BB26: 0 | BC26: 0 | BD26: 0 | BE26: 0 | BF26: 0 | BG26: 0 | BH26: 0 | BI26: 0 | BJ26: 0 | BK26: 0 | BL26: 0 | BM26: 0 | BN26: 0 | BO26: 0 | BP26: 0
B27: =_xlfn.IFNA(IF(OR(type="T",type="M"), MATCH(team,Settings!$C$8:$C$15,0),-1), -1) -> -1 | C27: =IF(type<>"",IF(ROW(stage_id)=ROW($C$13)+2,1,IF(type="P",MAX(prev_col_range)+1,MAX(prev_col_range))),-1) -> -1 | D27: =IF(ROW(id)=ROW($D$13)+2,1,MAX(prev_col_range)+1) -> 13 | U27: 0 | V27: 0 | W27: 0 | X27: 0 | Y27: 0 | Z27: 0 | AA27: 0 | AB27: 0 | AC27: 0 | AD27: 0 | AE27: 0 | AF27: 0 | AG27: 0 | AH27: 0 | AI27: 0 | AJ27: 0 | AK27: 0 | AL27: 0 | AM27: 0 | AN27: 0 | AO27: 0 | AP27: 0 | AQ27: 0 | AR27: 0 | AS27: 0 | AT27: 0 | AU27: 0 | AV27: 0 | AW27: 0 | AX27: 0 | AY27: 0 | AZ27: 0 | BA27: 0 | BB27: 0 | BC27: 0 | BD27: 0 | BE27: 0 | BF27: 0 | BG27: 0 | BH27: 0 | BI27: 0 | BJ27: 0 | BK27: 0 | BL27: 0 | BM27: 0 | BN27: 0 | BO27: 0 | BP27: 0
B28: =_xlfn.IFNA(IF(OR(type="T",type="M"), MATCH(team,Settings!$C$8:$C$15,0),-1), -1) -> -1 | C28: =IF(type<>"",IF(ROW(stage_id)=ROW($C$13)+2,1,IF(type="P",MAX(prev_col_range)+1,MAX(prev_col_range))),-1) -> -1 | D28: =IF(ROW(id)=ROW($D$13)+2,1,MAX(prev_col_range)+1) -> 14 | U28: 0 | V28: 0 | W28: 0 | X28: 0 | Y28: 0 | Z28: 0 | AA28: 0 | AB28: 0 | AC28: 0 | AD28: 0 | AE28: 0 | AF28: 0 | AG28: 0 | AH28: 0 | AI28: 0 | AJ28: 0 | AK28: 0 | AL28: 0 | AM28: 0 | AN28: 0 | AO28: 0 | AP28: 0 | AQ28: 0 | AR28: 0 | AS28: 0 | AT28: 0 | AU28: 0 | AV28: 0 | AW28: 0 | AX28: 0 | AY28: 0 | AZ28: 0 | BA28: 0 | BB28: 0 | BC28: 0 | BD28: 0 | BE28: 0 | BF28: 0 | BG28: 0 | BH28: 0 | BI28: 0 | BJ28: 0 | BK28: 0 | BL28: 0 | BM28: 0 | BN28: 0 | BO28: 0 | BP28: 0
B29: =_xlfn.IFNA(IF(OR(type="T",type="M"), MATCH(team,Settings!$C$8:$C$15,0),-1), -1) -> -1 | C29: =IF(type<>"",IF(ROW(stage_id)=ROW($C$13)+2,1,IF(type="P",MAX(prev_col_range)+1,MAX(prev_col_range))),-1) -> -1 | D29: =IF(ROW(id)=ROW($D$13)+2,1,MAX(prev_col_range)+1) -> 15 | U29: 0 | V29: 0 | W29: 0 | X29: 0 | Y29: 0 | Z29: 0 | AA29: 0 | AB29: 0 | AC29: 0 | AD29: 0 | AE29: 0 | AF29: 0 | AG29: 0 | AH29: 0 | AI29: 0 | AJ29: 0 | AK29: 0 | AL29: 0 | AM29: 0 | AN29: 0 | AO29: 0 | AP29: 0 | AQ29: 0 | AR29: 0 | AS29: 0 | AT29: 0 | AU29: 0 | AV29: 0 | AW29: 0 | AX29: 0 | AY29: 0 | AZ29: 0 | BA29: 0 | BB29: 0 | BC29: 0 | BD29: 0 | BE29: 0 | BF29: 0 | BG29: 0 | BH29: 0 | BI29: 0 | BJ29: 0 | BK29: 0 | BL29: 0 | BM29: 0 | BN29: 0 | BO29: 0 | BP29: 0
B30: =_xlfn.IFNA(IF(OR(type="T",type="M"), MATCH(team,Settings!$C$8:$C$15,0),-1), -1) -> -1 | C30: =IF(type<>"",IF(ROW(stage_id)=ROW($C$13)+2,1,IF(type="P",MAX(prev_col_range)+1,MAX(prev_col_range))),-1) -> -1 | D30: =IF(ROW(id)=ROW($D$13)+2,1,MAX(prev_col_range)+1) -> 16 | U30: 0 | V30: 0 | W30: 0 | X30: 0 | Y30: 0 | Z30: 0 | AA30: 0 | AB30: 0 | AC30: 0 | AD30: 0 | AE30: 0 | AF30: 0 | AG30: 0 | AH30: 0 | AI30: 0 | AJ30: 0 | AK30: 0 | AL30: 0 | AM30: 0 | AN30: 0 | AO30: 0 | AP30: 0 | AQ30: 0 | AR30: 0 | AS30: 0 | AT30: 0 | AU30: 0 | AV30: 0 | AW30: 0 | AX30: 0 | AY30: 0 | AZ30: 0 | BA30: 0 | BB30: 0 | BC30: 0 | BD30: 0 | BE30: 0 | BF30: 0 | BG30: 0 | BH30: 0 | BI30: 0 | BJ30: 0 | BK30: 0 | BL30: 0 | BM30: 0 | BN30: 0 | BO30: 0 | BP30: 0
B31: =_xlfn.IFNA(IF(OR(type="T",type="M"), MATCH(team,Settings!$C$8:$C$15,0),-1), -1) -> -1 | C31: =IF(type<>"",IF(ROW(stage_id)=ROW($C$13)+2,1,IF(type="P",MAX(prev_col_range)+1,MAX(prev_col_range))),-1) -> -1 | D31: =IF(ROW(id)=ROW($D$13)+2,1,MAX(prev_col_range)+1) -> 17 | U31: 0 | V31: 0 | W31: 0 | X31: 0 | Y31: 0 | Z31: 0 | AA31: 0 | AB31: 0 | AC31: 0 | AD31: 0 | AE31: 0 | AF31: 0 | AG31: 0 | AH31: 0 | AI31: 0 | AJ31: 0 | AK31: 0 | AL31: 0 | AM31: 0 | AN31: 0 | AO31: 0 | AP31: 0 | AQ31: 0 | AR31: 0 | AS31: 0 | AT31: 0 | AU31: 0 | AV31: 0 | AW31: 0 | AX31: 0 | AY31: 0 | AZ31: 0 | BA31: 0 | BB31: 0 | BC31: 0 | BD31: 0 | BE31: 0 | BF31: 0 | BG31: 0 | BH31: 0 | BI31: 0 | BJ31: 0 | BK31: 0 | BL31: 0 | BM31: 0 | BN31: 0 | BO31: 0 | BP31: 0
... B38: =_xlfn.IFNA(IF(OR(type="T",type="M"), MATCH(team,Settings!$C$8:$C$15,0),-1), -1) -> -1 | C38: =IF(type<>"",IF(ROW(stage_id)=ROW($C$13)+2,1,IF(type="P",MAX(prev_col_range)+1,MAX(prev_col_range))),-1) -> -1 | D38: =IF(ROW(id)=ROW($D$13)+2,1,MAX(prev_col_range)+1) -> 24 | U38: 0 | V38: 0 | W38: 0 | X38: 0 | Y38: 0 | Z38: 0 | AA38: 0 | AB38: 0 | AC38: 0 | AD38: 0 | AE38: 0 | AF38: 0 | AG38: 0 | AH38: 0 | AI38: 0 | AJ38: 0 | AK38: 0 | AL38: 0 | AM38: 0 | AN38: 0 | AO38: 0 | AP38: 0 | AQ38: 0 | AR38: 0 | AS38: 0 | AT38: 0 | AU38: 0 | AV38: 0 | AW38: 0 | AX38: 0 | AY38: 0 | AZ38: 0 | BA38: 0 | BB38: 0 | BC38: 0 | BD38: 0 | BE38: 0 | BF38: 0 | BG38: 0 | BH38: 0 | BI38: 0 | BJ38: 0 | BK38: 0 | BL38: 0 | BM38: 0 | BN38: 0 | BO38: 0 | BP38: 0
B39: =_xlfn.IFNA(IF(OR(type="T",type="M"), MATCH(team,Settings!$C$8:$C$15,0),-1), -1) -> -1 | C39: =IF(type<>"",IF(ROW(stage_id)=ROW($C$13)+2,1,IF(type="P",MAX(prev_col_range)+1,MAX(prev_col_range))),-1) -> -1 | D39: =IF(ROW(id)=ROW($D$13)+2,1,MAX(prev_col_range)+1) -> 25 | M39: =IF(d.id<>"",IF(d.id<id,"⬉",IF(d.id>id,"⬋","")),"") | N39: {=IFERROR("(" & d.type & ") " & IF(LEN(d.name)>10, LEFT(d.name,10) & "…",d.name ),"")} | O39: FS | R39: {=IFERROR(IF(ind.start>0,ind.start, IF(ind.end<>"",plan_start_calculation, IF(d.id<>"", IF(OR(d.conn="FS",d.conn=""),fs_calculation, IF(d.conn="SS",ss_calculation, plan_start_calculation)),"") )),"")} | S39: {=IFERROR(IF(ind.start<>"",plan_end_calculation, IF(ind.end<>"",ind.end, IF(d.id<>"", IF(d.conn="SF",sf_calculation, IF(d.conn="FF",ff_calculation, plan_end_calculation)),"") )),"")} | U39: 0 | V39: 0 | W39: 0 | X39: 0 | Y39: 0 | Z39: 0 | AA39: 0 | AB39: 0 | AC39: 0 | AD39: 0 | AE39: 0 | AF39: 0 | AG39: 0 | AH39: 0 | AI39: 0 | AJ39: 0 | AK39: 0 | AL39: 0 | AM39: 0 | AN39: 0 | AO39: 0 | AP39: 0 | AQ39: 0 | AR39: 0 | AS39: 0 | AT39: 0 | AU39: 0 | AV39: 0 | AW39: 0 | AX39: 0 | AY39: 0 | AZ39: 0 | BA39: 0 | BB39: 0 | BC39: 0 | BD39: 0 | BE39: 0 | BF39: 0 | BG39: 0 | BH39: 0 | BI39: 0 | BJ39: 0 | BK39: 0 | BL39: 0 | BM39: 0 | BN39: 0 | BO39: 0 | BP39: 0
B40: =_xlfn.IFNA(IF(OR(type="T",type="M"), MATCH(team,Settings!$C$8:$C$15,0),-1), -1) -> -1 | C40: =IF(type<>"",IF(ROW(stage_id)=ROW($C$13)+2,1,IF(type="P",MAX(prev_col_range)+1,MAX(prev_col_range))),-1) -> -1 | D40: =IF(ROW(id)=ROW($D$13)+2,1,MAX(prev_col_range)+1) -> 26 | M40: =IF(d.id<>"",IF(d.id<id,"⬉",IF(d.id>id,"⬋","")),"") | N40: {=IFERROR("(" & d.type & ") " & IF(LEN(d.name)>10, LEFT(d.name,10) & "…",d.name ),"")} | O40: FS | R40: {=IFERROR(IF(ind.start>0,ind.start, IF(ind.end<>"",plan_start_calculation, IF(d.id<>"", IF(OR(d.conn="FS",d.conn=""),fs_calculation, IF(d.conn="SS",ss_calculation, plan_start_calculation)),"") )),"")} | S40: {=IFERROR(IF(ind.start<>"",plan_end_calculation, IF(ind.end<>"",ind.end, IF(d.id<>"", IF(d.conn="SF",sf_calculation, IF(d.conn="FF",ff_calculation, plan_end_calculation)),"") )),"")} | U40: 0 | V40: 0 | W40: 0 | X40: 0 | Y40: 0 | Z40: 0 | AA40: 0 | AB40: 0 | AC40: 0 | AD40: 0 | AE40: 0 | AF40: 0 | AG40: 0 | AH40: 0 | AI40: 0 | AJ40: 0 | AK40: 0 | AL40: 0 | AM40: 0 | AN40: 0 | AO40: 0 | AP40: 0 | AQ40: 0 | AR40: 0 | AS40: 0 | AT40: 0 | AU40: 0 | AV40: 0 | AW40: 0 | AX40: 0 | AY40: 0 | AZ40: 0 | BA40: 0 | BB40: 0 | BC40: 0 | BD40: 0 | BE40: 0 | BF40: 0 | BG40: 0 | BH40: 0 | BI40: 0 | BJ40: 0 | BK40: 0 | BL40: 0 | BM40: 0 | BN40: 0 | BO40: 0 | BP40: 0
B41: =_xlfn.IFNA(IF(OR(type="T",type="M"), MATCH(team,Settings!$C$8:$C$15,0),-1), -1) -> -1 | C41: =IF(type<>"",IF(ROW(stage_id)=ROW($C$13)+2,1,IF(type="P",MAX(prev_col_range)+1,MAX(prev_col_range))),-1) -> -1 | D41: =IF(ROW(id)=ROW($D$13)+2,1,MAX(prev_col_range)+1) -> 27 | M41: =IF(d.id<>"",IF(d.id<id,"⬉",IF(d.id>id,"⬋","")),"") | N41: {=IFERROR("(" & d.type & ") " & IF(LEN(d.name)>10, LEFT(d.name,10) & "…",d.name ),"")} | O41: FS | R41: {=IFERROR(IF(ind.start>0,ind.start, IF(ind.end<>"",plan_start_calculation, IF(d.id<>"", IF(OR(d.conn="FS",d.conn=""),fs_calculation, IF(d.conn="SS",ss_calculation, plan_start_calculation)),"") )),"")} | S41: {=IFERROR(IF(ind.start<>"",plan_end_calculation, IF(ind.end<>"",ind.end, IF(d.id<>"", IF(d.conn="SF",sf_calculation, IF(d.conn="FF",ff_calculation, plan_end_calculation)),"") )),"")} | U41: 0 | V41: 0 | W41: 0 | X41: 0 | Y41: 0 | Z41: 0 | AA41: 0 | AB41: 0 | AC41: 0 | AD41: 0 | AE41: 0 | AF41: 0 | AG41: 0 | AH41: 0 | AI41: 0 | AJ41: 0 | AK41: 0 | AL41: 0 | AM41: 0 | AN41: 0 | AO41: 0 | AP41: 0 | AQ41: 0 | AR41: 0 | AS41: 0 | AT41: 0 | AU41: 0 | AV41: 0 | AW41: 0 | AX41: 0 | AY41: 0 | AZ41: 0 | BA41: 0 | BB41: 0 | BC41: 0 | BD41: 0 | BE41: 0 | BF41: 0 | BG41: 0 | BH41: 0 | BI41: 0 | BJ41: 0 | BK41: 0 | BL41: 0 | BM41: 0 | BN41: 0 | BO41: 0 | BP41: 0
B42: =_xlfn.IFNA(IF(OR(type="T",type="M"), MATCH(team,Settings!$C$8:$C$15,0),-1), -1) -> -1 | C42: =IF(type<>"",IF(ROW(stage_id)=ROW($C$13)+2,1,IF(type="P",MAX(prev_col_range)+1,MAX(prev_col_range))),-1) -> -1 | D42: =IF(ROW(id)=ROW($D$13)+2,1,MAX(prev_col_range)+1) -> 28 | M42: =IF(d.id<>"",IF(d.id<id,"⬉",IF(d.id>id,"⬋","")),"") | N42: {=IFERROR("(" & d.type & ") " & IF(LEN(d.name)>10, LEFT(d.name,10) & "…",d.name ),"")} | O42: FS | R42: {=IFERROR(IF(ind.start>0,ind.start, IF(ind.end<>"",plan_start_calculation, IF(d.id<>"", IF(OR(d.conn="FS",d.conn=""),fs_calculation, IF(d.conn="SS",ss_calculation, plan_start_calculation)),"") )),"")} | S42: {=IFERROR(IF(ind.start<>"",plan_end_calculation, IF(ind.end<>"",ind.end, IF(d.id<>"", IF(d.conn="SF",sf_calculation, IF(d.conn="FF",ff_calculation, plan_end_calculation)),"") )),"")} | U42: 0 | V42: 0 | W42: 0 | X42: 0 | Y42: 0 | Z42: 0 | AA42: 0 | AB42: 0 | AC42: 0 | AD42: 0 | AE42: 0 | AF42: 0 | AG42: 0 | AH42: 0 | AI42: 0 | AJ42: 0 | AK42: 0 | AL42: 0 | AM42: 0 | AN42: 0 | AO42: 0 | AP42: 0 | AQ42: 0 | AR42: 0 | AS42: 0 | AT42: 0 | AU42: 0 | AV42: 0 | AW42: 0 | AX42: 0 | AY42: 0 | AZ42: 0 | BA42: 0 | BB42: 0 | BC42: 0 | BD42: 0 | BE42: 0 | BF42: 0 | BG42: 0 | BH42: 0 | BI42: 0 | BJ42: 0 | BK42: 0 | BL42: 0 | BM42: 0 | BN42: 0 | BO42: 0 | BP42: 0
B43: =_xlfn.IFNA(IF(OR(type="T",type="M"), MATCH(team,Settings!$C$8:$C$15,0),-1), -1) -> -1 | C43: =IF(type<>"",IF(ROW(stage_id)=ROW($C$13)+2,1,IF(type="P",MAX(prev_col_range)+1,MAX(prev_col_range))),-1) -> -1 | D43: =IF(ROW(id)=ROW($D$13)+2,1,MAX(prev_col_range)+1) -> 29 | M43: =IF(d.id<>"",IF(d.id<id,"⬉",IF(d.id>id,"⬋","")),"") | N43: {=IFERROR("(" & d.type & ") " & IF(LEN(d.name)>10, LEFT(d.name,10) & "…",d.name ),"")} | O43: FS | R43: {=IFERROR(IF(ind.start>0,ind.start, IF(ind.end<>"",plan_start_calculation, IF(d.id<>"", IF(OR(d.conn="FS",d.conn=""),fs_calculation, IF(d.conn="SS",ss_calculation, plan_start_calculation)),"") )),"")} | S43: {=IFERROR(IF(ind.start<>"",plan_end_calculation, IF(ind.end<>"",ind.end, IF(d.id<>"", IF(d.conn="SF",sf_calculation, IF(d.conn="FF",ff_calculation, plan_end_calculation)),"") )),"")} | U43: 0 | V43: 0 | W43: 0 | X43: 0 | Y43: 0 | Z43: 0 | AA43: 0 | AB43: 0 | AC43: 0 | AD43: 0 | AE43: 0 | AF43: 0 | AG43: 0 | AH43: 0 | AI43: 0 | AJ43: 0 | AK43: 0 | AL43: 0 | AM43: 0 | AN43: 0 | AO43: 0 | AP43: 0 | AQ43: 0 | AR43: 0 | AS43: 0 | AT43: 0 | AU43: 0 | AV43: 0 | AW43: 0 | AX43: 0 | AY43: 0 | AZ43: 0 | BA43: 0 | BB43: 0 | BC43: 0 | BD43: 0 | BE43: 0 | BF43: 0 | BG43: 0 | BH43: 0 | BI43: 0 | BJ43: 0 | BK43: 0 | BL43: 0 | BM43: 0 | BN43: 0 | BO43: 0 | BP43: 0
B44: =_xlfn.IFNA(IF(OR(type="T",type="M"), MATCH(team,Settings!$C$8:$C$15,0),-1), -1) -> -1 | C44: =IF(type<>"",IF(ROW(stage_id)=ROW($C$13)+2,1,IF(type="P",MAX(prev_col_range)+1,MAX(prev_col_range))),-1) -> -1 | D44: =IF(ROW(id)=ROW($D$13)+2,1,MAX(prev_col_range)+1) -> 30 | M44: =IF(d.id<>"",IF(d.id<id,"⬉",IF(d.id>id,"⬋","")),"") | N44: {=IFERROR("(" & d.type & ") " & IF(LEN(d.name)>10, LEFT(d.name,10) & "…",d.name ),"")} | O44: FS | R44: {=IFERROR(IF(ind.start>0,ind.start, IF(ind.end<>"",plan_start_calculation, IF(d.id<>"", IF(OR(d.conn="FS",d.conn=""),fs_calculation, IF(d.conn="SS",ss_calculation, plan_start_calculation)),"") )),"")} | S44: {=IFERROR(IF(ind.start<>"",plan_end_calculation, IF(ind.end<>"",ind.end, IF(d.id<>"", IF(d.conn="SF",sf_calculation, IF(d.conn="FF",ff_calculation, plan_end_calculation)),"") )),"")} | U44: 0 | V44: 0 | W44: 0 | X44: 0 | Y44: 0 | Z44: 0 | AA44: 0 | AB44: 0 | AC44: 0 | AD44: 0 | AE44: 0 | AF44: 0 | AG44: 0 | AH44: 0 | AI44: 0 | AJ44: 0 | AK44: 0 | AL44: 0 | AM44: 0 | AN44: 0 | AO44: 0 | AP44: 0 | AQ44: 0 | AR44: 0 | AS44: 0 | AT44: 0 | AU44: 0 | AV44: 0 | AW44: 0 | AX44: 0 | AY44: 0 | AZ44: 0 | BA44: 0 | BB44: 0 | BC44: 0 | BD44: 0 | BE44: 0 | BF44: 0 | BG44: 0 | BH44: 0 | BI44: 0 | BJ44: 0 | BK44: 0 | BL44: 0 | BM44: 0 | BN44: 0 | BO44: 0 | BP44: 0
B45: =_xlfn.IFNA(IF(OR(type="T",type="M"), MATCH(team,Settings!$C$8:$C$15,0),-1), -1) -> -1 | C45: =IF(type<>"",IF(ROW(stage_id)=ROW($C$13)+2,1,IF(type="P",MAX(prev_col_range)+1,MAX(prev_col_range))),-1) -> -1 | D45: =IF(ROW(id)=ROW($D$13)+2,1,MAX(prev_col_range)+1) -> 31 | M45: =IF(d.id<>"",IF(d.id<id,"⬉",IF(d.id>id,"⬋","")),"") | N45: {=IFERROR("(" & d.type & ") " & IF(LEN(d.name)>10, LEFT(d.name,10) & "…",d.name ),"")} | O45: FS | R45: {=IFERROR(IF(ind.start>0,ind.start, IF(ind.end<>"",plan_start_calculation, IF(d.id<>"", IF(OR(d.conn="FS",d.conn=""),fs_calculation, IF(d.conn="SS",ss_calculation, plan_start_calculation)),"") )),"")} | S45: {=IFERROR(IF(ind.start<>"",plan_end_calculation, IF(ind.end<>"",ind.end, IF(d.id<>"", IF(d.conn="SF",sf_calculation, IF(d.conn="FF",ff_calculation, plan_end_calculation)),"") )),"")} | U45: 0 | V45: 0 | W45: 0 | X45: 0 | Y45: 0 | Z45: 0 | AA45: 0 | AB45: 0 | AC45: 0 | AD45: 0 | AE45: 0 | AF45: 0 | AG45: 0 | AH45: 0 | AI45: 0 | AJ45: 0 | AK45: 0 | AL45: 0 | AM45: 0 | AN45: 0 | AO45: 0 | AP45: 0 | AQ45: 0 | AR45: 0 | AS45: 0 | AT45: 0 | AU45: 0 | AV45: 0 | AW45: 0 | AX45: 0 | AY45: 0 | AZ45: 0 | BA45: 0 | BB45: 0 | BC45: 0 | BD45: 0 | BE45: 0 | BF45: 0 | BG45: 0 | BH45: 0 | BI45: 0 | BJ45: 0 | BK45: 0 | BL45: 0 | BM45: 0 | BN45: 0 | BO45: 0 | BP45: 0
B46: =_xlfn.IFNA(IF(OR(type="T",type="M"), MATCH(team,Settings!$C$8:$C$15,0),-1), -1) -> -1 | C46: =IF(type<>"",IF(ROW(stage_id)=ROW($C$13)+2,1,IF(type="P",MAX(prev_col_range)+1,MAX(prev_col_range))),-1) -> -1 | D46: =IF(ROW(id)=ROW($D$13)+2,1,MAX(prev_col_range)+1) -> 32 | M46: =IF(d.id<>"",IF(d.id<id,"⬉",IF(d.id>id,"⬋","")),"") | N46: {=IFERROR("(" & d.type & ") " & IF(LEN(d.name)>10, LEFT(d.name,10) & "…",d.name ),"")} | O46: FS | R46: {=IFERROR(IF(ind.start>0,ind.start, IF(ind.end<>"",plan_start_calculation, IF(d.id<>"", IF(OR(d.conn="FS",d.conn=""),fs_calculation, IF(d.conn="SS",ss_calculation, plan_start_calculation)),"") )),"")} | S46: {=IFERROR(IF(ind.start<>"",plan_end_calculation, IF(ind.end<>"",ind.end, IF(d.id<>"", IF(d.conn="SF",sf_calculation, IF(d.conn="FF",ff_calculation, plan_end_calculation)),"") )),"")} | U46: 0 | V46: 0 | W46: 0 | X46: 0 | Y46: 0 | Z46: 0 | AA46: 0 | AB46: 0 | AC46: 0 | AD46: 0 | AE46: 0 | AF46: 0 | AG46: 0 | AH46: 0 | AI46: 0 | AJ46: 0 | AK46: 0 | AL46: 0 | AM46: 0 | AN46: 0 | AO46: 0 | AP46: 0 | AQ46: 0 | AR46: 0 | AS46: 0 | AT46: 0 | AU46: 0 | AV46: 0 | AW46: 0 | AX46: 0 | AY46: 0 | AZ46: 0 | BA46: 0 | BB46: 0 | BC46: 0 | BD46: 0 | BE46: 0 | BF46: 0 | BG46: 0 | BH46: 0 | BI46: 0 | BJ46: 0 | BK46: 0 | BL46: 0 | BM46: 0 | BN46: 0 | BO46: 0 | BP46: 0
B47: =_xlfn.IFNA(IF(OR(type="T",type="M"), MATCH(team,Settings!$C$8:$C$15,0),-1), -1) -> -1 | C47: =IF(type<>"",IF(ROW(stage_id)=ROW($C$13)+2,1,IF(type="P",MAX(prev_col_range)+1,MAX(prev_col_range))),-1) -> -1 | D47: =IF(ROW(id)=ROW($D$13)+2,1,MAX(prev_col_range)+1) -> 33 | M47: =IF(d.id<>"",IF(d.id<id,"⬉",IF(d.id>id,"⬋","")),"") | N47: {=IFERROR("(" & d.type & ") " & IF(LEN(d.name)>10, LEFT(d.name,10) & "…",d.name ),"")} | O47: FS | R47: {=IFERROR(IF(ind.start>0,ind.start, IF(ind.end<>"",plan_start_calculation, IF(d.id<>"", IF(OR(d.conn="FS",d.conn=""),fs_calculation, IF(d.conn="SS",ss_calculation, plan_start_calculation)),"") )),"")} | S47: {=IFERROR(IF(ind.start<>"",plan_end_calculation, IF(ind.end<>"",ind.end, IF(d.id<>"", IF(d.conn="SF",sf_calculation, IF(d.conn="FF",ff_calculation, plan_end_calculation)),"") )),"")} | U47: 0 | V47: 0 | W47: 0 | X47: 0 | Y47: 0 | Z47: 0 | AA47: 0 | AB47: 0 | AC47: 0 | AD47: 0 | AE47: 0 | AF47: 0 | AG47: 0 | AH47: 0 | AI47: 0 | AJ47: 0 | AK47: 0 | AL47: 0 | AM47: 0 | AN47: 0 | AO47: 0 | AP47: 0 | AQ47: 0 | AR47: 0 | AS47: 0 | AT47: 0 | AU47: 0 | AV47: 0 | AW47: 0 | AX47: 0 | AY47: 0 | AZ47: 0 | BA47: 0 | BB47: 0 | BC47: 0 | BD47: 0 | BE47: 0 | BF47: 0 | BG47: 0 | BH47: 0 | BI47: 0 | BJ47: 0 | BK47: 0 | BL47: 0 | BM47: 0 | BN47: 0 | BO47: 0 | BP47: 0

Sheet Settings
C7: Teams
C8: Team 1
C9: Team 2
C10: Team 3
C11: Team 4
C12: Team 5
C13: Team 6
C14: Team 7
C15: Team 8
